[
    {
      "id": "001",
      "name": "Piano",
      "picture_Url": "https://firebasestorage.googleapis.com/v0/b/calgary-hacks2023.appspot.com/o/images%2Fjordan-whitfield-BhfE1IgcsA8-unsplash.jpg?alt=media&token=4e22fe75-5a5b-4383-ba3b-84b4ec98aad3",
      "usersInvolved": 0
    },
    {
        "id": "002",
        "name": "Snowboarding",
        "picture_Url": "https://firebasestorage.googleapis.com/v0/b/calgary-hacks2023.appspot.com/o/images%2Fbenjamin-hayward-YIO9Fb7BJIU-unsplash.jpg?alt=media&token=c0eb9476-16f2-40af-a896-24c248ca7a72",
        "usersInvolved": 0
    },
    {
        "id": "003",
        "name": "Skiing",
        "picture_Url": "https://firebasestorage.googleapis.com/v0/b/calgary-hacks2023.appspot.com/o/images%2Fmaarten-duineveld-pmfJcN7RGiw-unsplash.jpg?alt=media&token=bba35f5c-e952-4e07-9659-20109c423ddc",
        "usersInvolved": 0
    },
    {
        "id": "004",
        "name": "Guitar",
        "picture_Url": "https://firebasestorage.googleapis.com/v0/b/calgary-hacks2023.appspot.com/o/images%2Fde-an-sun-b57RqS-nQ1c-unsplash.jpg?alt=media&token=57c84e7b-2cd3-410c-bc3a-a44b45bbc92c",
        "usersInvolved": 0
    },
    {
        "id": "005",
        "name": "Cooking",
        "picture_Url": "https://firebasestorage.googleapis.com/v0/b/calgary-hacks2023.appspot.com/o/images%2Fjonathan-borba-uB7q7aipU2o-unsplash.jpg?alt=media&token=35898d4c-368d-4ec5-8b74-c61a31af1bd1",
        "usersInvolved": 0
    },
    {
        "id": "006",
        "name": "Swimming",
        "picture_Url": "https://firebasestorage.googleapis.com/v0/b/calgary-hacks2023.appspot.com/o/images%2Fbrian-matangelo--BUPaAMSOdE-unsplash.jpg?alt=media&token=8b448a81-f16f-4d2b-8d63-7f5a96c08dda",
        "usersInvolved": 0
    },
    {
        "id": "007",
        "name": "Photography",
        "picture_Url": "https://firebasestorage.googleapis.com/v0/b/calgary-hacks2023.appspot.com/o/images%2Fchristian-wiediger-gVbOF8mdE3U-unsplash.jpg?alt=media&token=0aa29fbc-1f85-48c2-ad04-86e1a5289f41",
        "usersInvolved": 0
    },
    {
        "id": "008",
        "name": "Chess",
        "picture_Url": "https://firebasestorage.googleapis.com/v0/b/calgary-hacks2023.appspot.com/o/images%2Frandy-fath-G1yhU1Ej-9A-unsplash.jpg?alt=media&token=0af1f31a-82d3-47d1-a71b-735d3e8023e1",
        "usersInvolved": 0
    },
    {
        "id": "009",
        "name": "Tennis",
        "picture_Url": "https://firebasestorage.googleapis.com/v0/b/calgary-hacks2023.appspot.com/o/images%2Fchino-rocha-2FKTyJqfWX8-unsplash.jpg?alt=media&token=b1859af9-48a8-4c42-bf04-387b89fcec6c",
        "usersInvolved": 0
    },
    {
        "id": "010",
        "name": "Ping Pong",
        "picture_Url": "https://firebasestorage.googleapis.com/v0/b/calgary-hacks2023.appspot.com/o/images%2Flennart-schneider-2Ov5_5WKaKM-unsplash.jpg?alt=media&token=6731735c-ca90-4067-b500-9f2b02d2971a",
        "usersInvolved": 0
    }
]